Product,Year,Month,Units,Kg,Revenue
Chilli Flakes,2022,1,155,42.2,127120
Chilli Flakes,2022,2,118,38.0,113610
Chilli Flakes,2022,3,175,54.0,161270
Chilli Flakes,2022,4,200,59.2,177180
Chilli Flakes,2022,5,168,58.1,173080
Chilli Flakes,2022,6,224,58.6,176200
Chilli Flakes,2022,7,169,39.5,119620
Chilli Flakes,2022,8,173,41.5,125300
Chilli Flakes,2022,9,157,45.2,135290
Chilli Flakes,2022,10,138,35.0,105510
Chilli Flakes,2022,11,168,42.6,128600
Chilli Flakes,2022,12,245,65.7,198100
Chilli Flakes,2023,1,143,42.7,128150
Chilli Flakes,2023,2,115,33.5,100400
Chilli Flakes,2023,3,133,33.0,99740
Chilli Flakes,2023,4,197,59.7,178400
Chilli Flakes,2023,5,202,70.4,208850
Chilli Flakes,2023,6,156,46.2,138530
Chilli Flakes,2023,7,205,61.4,184190
Chilli Flakes,2023,8,123,38.2,113930
Chilli Flakes,2023,9,149,43.2,129500
Chilli Flakes,2023,10,178,53.8,161510
Chilli Flakes,2023,11,160,39.9,120480
Chilli Flakes,2023,12,230,58.7,176570
Chilli Flakes,2024,1,154,43.1,129420
Chilli Flakes,2024,2,172,50.9,152090
Chilli Flakes,2024,3,148,48.0,143120
Chilli Flakes,2024,4,211,64.2,192670
Chilli Flakes,2024,5,180,46.6,140650
Chilli Flakes,2024,6,155,35.5,107330
Chilli Flakes,2024,7,204,47.9,144720
Chilli Flakes,2024,8,149,51.7,153660
Chilli Flakes,2024,9,161,37.4,113500
Chilli Flakes,2024,10,131,39.4,118030
Chilli Flakes,2024,11,159,48.2,144550
Chilli Flakes,2024,12,254,66.9,201100
Chilli Powder,2022,1,231,67.8,177820
Chilli Powder,2022,2,228,61.4,161165
Chilli Powder,2022,3,246,62.9,166060
Chilli Powder,2022,4,366,126.9,330140
Chilli Powder,2022,5,319,108.0,280475
Chilli Powder,2022,6,224,66.2,173540
Chilli Powder,2022,7,263,78.7,205510
Chilli Powder,2022,8,240,69.3,181185
Chilli Powder,2022,9,259,67.0,177040
Chilli Powder,2022,10,231,55.4,146920
Chilli Powder,2022,11,199,46.6,123115
Chilli Powder,2022,12,383,115.7,302750
Chilli Powder,2023,1,246,69.9,183815
Chilli Powder,2023,2,210,52.6,138650
Chilli Powder,2023,3,222,51.6,136820
Chilli Powder,2023,4,335,81.9,217070
Chilli Powder,2023,5,317,98.9,257980
Chilli Powder,2023,6,291,92.4,241480
Chilli Powder,2023,7,284,78.5,206980
Chilli Powder,2023,8,257,77.8,203385
Chilli Powder,2023,9,219,68.3,178420
Chilli Powder,2023,10,240,73.9,193015
Chilli Powder,2023,11,226,70.5,184110
Chilli Powder,2023,12,391,104.8,276330
Chilli Powder,2024,1,241,60.3,159195
Chilli Powder,2024,2,246,67.7,178000
Chilli Powder,2024,3,227,59.4,156625
Chilli Powder,2024,4,333,94.3,247340
Chilli Powder,2024,5,258,68.9,180685
Chilli Powder,2024,6,327,99.5,260380
Chilli Powder,2024,7,276,74.9,197240
Chilli Powder,2024,8,281,64.0,169375
Chilli Powder,2024,9,237,65.6,171890
Chilli Powder,2024,10,289,79.2,208170
Chilli Powder,2024,11,214,57.1,150250
Chilli Powder,2024,12,407,123.2,322365
Curry Powder,2022,1,202,57.2,128500
Curry Powder,2022,2,203,48.6,110130
Curry Powder,2022,3,238,65.5,147695
Curry Powder,2022,4,282,84.8,190300
Curry Powder,2022,5,253,76.1,170505
Curry Powder,2022,6,246,76.7,171230
Curry Powder,2022,7,311,89.0,200170
Curry Powder,2022,8,195,60.1,134845
Curry Powder,2022,9,219,60.8,137005
Curry Powder,2022,10,237,69.7,156260
Curry Powder,2022,11,239,75.2,168310
Curry Powder,2022,12,303,74.7,169045
Curry Powder,2023,1,226,59.9,134870
Curry Powder,2023,2,188,46.3,104885
Curry Powder,2023,3,221,50.9,115205
Curry Powder,2023,4,273,90.2,201605
Curry Powder,2023,5,251,69.6,156130
Curry Powder,2023,6,272,89.1,198635
Curry Powder,2023,7,233,59.4,134220
Curry Powder,2023,8,207,54.5,123055
Curry Powder,2023,9,243,61.0,138020
Curry Powder,2023,10,201,59.2,132625
Curry Powder,2023,11,207,60.1,134825
Curry Powder,2023,12,280,76.2,171580
Curry Powder,2024,1,248,78.8,176030
Curry Powder,2024,2,203,55.7,125125
Curry Powder,2024,3,254,65.9,149245
Curry Powder,2024,4,329,102.2,229135
Curry Powder,2024,5,240,68.2,153415
Curry Powder,2024,6,275,67.2,152060
Curry Powder,2024,7,307,80.3,180895
Curry Powder,2024,8,190,48.4,109205
Curry Powder,2024,9,202,60.4,135300
Curry Powder,2024,10,244,65.7,148010
Curry Powder,2024,11,228,60.6,136600
Curry Powder,2024,12,400,116.5,261055
Pepper,2022,1,149,43.5,365595
Pepper,2022,2,115,26.3,224620
Pepper,2022,3,97,23.6,200870
Pepper,2022,4,153,45.7,385215
Pepper,2022,5,180,50.5,426630
Pepper,2022,6,192,51.7,436735
Pepper,2022,7,157,42.4,358145
Pepper,2022,8,140,35.5,300825
Pepper,2022,9,118,37.8,317250
Pepper,2022,10,156,48.8,409650
Pepper,2022,11,102,23.4,200045
Pepper,2022,12,205,57.1,481730
Pepper,2023,1,152,44.0,369860
Pepper,2023,2,108,32.7,274530
Pepper,2023,3,103,26.4,224180
Pepper,2023,4,172,56.5,471825
Pepper,2023,5,179,34.9,298265
Pepper,2023,6,162,43.5,366565
Pepper,2023,7,193,61.5,516570
Pepper,2023,8,153,45.5,383250
Pepper,2023,9,89,28.4,238365
Pepper,2023,10,151,48.8,410550
Pepper,2023,11,120,43.7,364230
Pepper,2023,12,213,52.1,444045
Pepper,2024,1,162,53.3,445290
Pepper,2024,2,119,39.0,326430
Pepper,2024,3,135,32.6,277560
Pepper,2024,4,199,54.4,459935
Pepper,2024,5,165,44.0,372160
Pepper,2024,6,141,36.2,305765
Pepper,2024,7,174,37.7,322460
Pepper,2024,8,137,38.1,321950
Pepper,2024,9,139,40.1,336475
Pepper,2024,10,142,35.4,301760
Pepper,2024,11,122,37.0,311810
Pepper,2024,12,225,58.9,497750
Roasted Curry Powder,2022,1,156,58.7,157740
Roasted Curry Powder,2022,2,120,31.0,84650
Roasted Curry Powder,2022,3,167,56.4,151720
Roasted Curry Powder,2022,4,236,62.4,170230
Roasted Curry Powder,2022,5,169,53.9,145230
Roasted Curry Powder,2022,6,175,39.6,108800
Roasted Curry Powder,2022,7,176,41.0,112385
Roasted Curry Powder,2022,8,179,51.3,139595
Roasted Curry Powder,2022,9,118,37.6,101825
Roasted Curry Powder,2022,10,133,46.2,124975
Roasted Curry Powder,2022,11,138,38.7,105515
Roasted Curry Powder,2022,12,231,64.7,176380
Roasted Curry Powder,2023,1,156,43.2,117535
Roasted Curry Powder,2023,2,148,36.9,101260
Roasted Curry Powder,2023,3,182,41.3,113405
Roasted Curry Powder,2023,4,240,75.9,204905
Roasted Curry Powder,2023,5,192,46.3,126850
Roasted Curry Powder,2023,6,170,43.4,118440
Roasted Curry Powder,2023,7,194,42.6,117295
Roasted Curry Powder,2023,8,148,39.2,107045
Roasted Curry Powder,2023,9,163,45.8,124780
Roasted Curry Powder,2023,10,190,57.0,154730
Roasted Curry Powder,2023,11,137,39.1,106640
Roasted Curry Powder,2023,12,257,73.4,199680
Roasted Curry Powder,2024,1,169,37.3,102940
Roasted Curry Powder,2024,2,128,32.8,89355
Roasted Curry Powder,2024,3,168,48.4,131735
Roasted Curry Powder,2024,4,237,63.0,171270
Roasted Curry Powder,2024,5,188,55.0,149610
Roasted Curry Powder,2024,6,144,35.7,97650
Roasted Curry Powder,2024,7,172,45.5,124135
Roasted Curry Powder,2024,8,161,46.4,126115
Roasted Curry Powder,2024,9,128,37.5,101990
Roasted Curry Powder,2024,10,119,34.0,92000
Roasted Curry Powder,2024,11,156,45.0,122065
Roasted Curry Powder,2024,12,205,53.6,146755
Turmeric,2022,1,184,55.0,102720
Turmeric,2022,2,156,46.3,86450
Turmeric,2022,3,212,61.4,115275
Turmeric,2022,4,248,67.4,127040
Turmeric,2022,5,226,57.1,107775
Turmeric,2022,6,229,57.6,108855
Turmeric,2022,7,290,93.2,174585
Turmeric,2022,8,160,47.2,88580
Turmeric,2022,9,230,57.6,109070
Turmeric,2022,10,169,51.3,96070
Turmeric,2022,11,186,49.4,92855
Turmeric,2022,12,292,80.5,151020
Turmeric,2023,1,214,68.2,126975
Turmeric,2023,2,168,44.5,83680
Turmeric,2023,3,229,64.5,121155
Turmeric,2023,4,298,84.2,158010
Turmeric,2023,5,259,79.3,147905
Turmeric,2023,6,202,44.5,84335
Turmeric,2023,7,237,61.8,116710
Turmeric,2023,8,195,70.0,129795
Turmeric,2023,9,179,42.6,80575
Turmeric,2023,10,205,56.8,106650
Turmeric,2023,11,150,44.9,83955
Turmeric,2023,12,286,85.8,160625
Turmeric,2024,1,180,60.6,112950
Turmeric,2024,2,214,56.8,107035
Turmeric,2024,3,198,52.5,98770
Turmeric,2024,4,206,58.3,109365
Turmeric,2024,5,266,66.5,125890
Turmeric,2024,6,215,64.0,119815
Turmeric,2024,7,222,68.6,128295
Turmeric,2024,8,188,50.1,94145
Turmeric,2024,9,187,45.0,85410
Turmeric,2024,10,189,55.0,103125
Turmeric,2024,11,238,56.7,107390
Turmeric,2024,12,324,113.2,210315
